idx, tranX, tranY, rotateX, rotateY
0, -0.640436, -2.701845, -0.629563, -2.677936
1, 2.402000, -4.071000, 2.402000, -4.071000
2, 5.647366, -2.741374, 5.657732, -2.766964
