idx, x, y
0, -0.623848, -2.666420
1, 2.418587, -4.035576
2, 5.663953, -2.705950
