idx, time, x, y, heading
0, 21.278264, 1.597053, -1.543855, -1.666071
