idx, x, y
0, 2.379126, -3.947129
1, 5.667726, -2.652712
2, 6.328068, -0.824421
3, 2.613977, 0.998520
4, 3.530000, 4.706000
5, 2.430246, 6.692583
