idx, x, y
0, 3.807794, -2.381195
1, 6.336331, 0.087996
2, 6.235408, 2.029262
3, 2.104962, 2.267994
4, 1.510418, 6.040397
5, -0.274088, 7.444503
