idx, x, y, heading
0, 0.103854, 0.380194, 0.398029
